{"accuracy": [0.2774338722229004, 0.3247045576572418, 0.3286437690258026, 0.3308947682380676, 0.34721440076828003, 0.3477771580219269, 0.36184582114219666, 0.35171636939048767, 0.37478896975517273, 0.35453009605407715, 0.3826674222946167, 0.3826674222946167, 0.37478896975517273, 0.3798536956310272, 0.3939223289489746, 0.38435566425323486, 0.38323014974594116, 0.3877321183681488, 0.39842429757118225, 0.40574002265930176, 0.40067529678344727, 0.4063027501106262, 0.4102419912815094, 0.4091164767742157, 0.412492960691452], "loss": [5.0948967933654785, 3.983354091644287, 3.50677490234375, 3.3243579864501953, 3.1209287643432617, 3.118457794189453, 2.9603657722473145, 2.961270570755005, 2.9041147232055664, 2.8570985794067383, 2.8832950592041016, 2.8173086643218994, 2.836104393005371, 2.7800450325012207, 2.7725648880004883, 2.773245334625244, 2.7795565128326416, 2.7313098907470703, 2.740461826324463, 2.723539352416992, 2.727705478668213, 2.672727584838867, 2.686309576034546, 2.6994383335113525, 2.6518640518188477], "val_accuracy": [0.25168538093566895, 0.1887640506029129, 0.18651685118675232, 0.2044943869113922, 0.20000000298023224, 0.20224718749523163, 0.21797752380371094, 0.2224719077348709, 0.23595505952835083, 0.26292136311531067, 0.2921348214149475, 0.3617977499961853, 0.3573033809661865, 0.37078651785850525, 0.38651683926582336, 0.4000000059604645, 0.40449437499046326, 0.4134831428527832, 0.42022472620010376, 0.4157303273677826, 0.4157303273677826, 0.4359550476074219, 0.42471909523010254, 0.42696627974510193, 0.42696627974510193], "val_loss": [3.1400232315063477, 3.8820602893829346, 4.318641662597656, 4.760488510131836, 4.336211204528809, 4.1689934730529785, 3.9668562412261963, 3.4639909267425537, 3.1859047412872314, 2.9750497341156006, 2.8088231086730957, 2.686811685562134, 2.6370091438293457, 2.6286003589630127, 2.5820000171661377, 2.6003289222717285, 2.5886738300323486, 2.5694801807403564, 2.5688138008117676, 2.5621652603149414, 2.5478947162628174, 2.5209810733795166, 2.529937982559204, 2.5468809604644775, 2.533673048019409], "learning_rate": [9.999999747378752e-05, 9.999999747378752e-05, 9.999999747378752e-05, 9.999999747378752e-05, 4.999999873689376e-05, 4.999999873689376e-05, 4.999999873689376e-05, 2.499999936844688e-05, 2.499999936844688e-05, 2.499999936844688e-05, 2.499999936844688e-05, 2.499999936844688e-05, 2.499999936844688e-05, 2.499999936844688e-05, 2.499999936844688e-05, 2.499999936844688e-05, 2.499999936844688e-05, 2.499999936844688e-05, 2.499999936844688e-05, 2.499999936844688e-05, 2.499999936844688e-05, 2.499999936844688e-05, 2.499999936844688e-05, 2.499999936844688e-05, 2.499999936844688e-05]}